x,y,z,nx,ny,nz,curvature,density,label
2.6792092323303223,15.602825164794922,-0.42713022232055664,0.0,0.0,1.0,0.0,1.0,0
