x,y,z,nx,ny,nz,curvature,density,label
27.761600494384766,-36.93424987792969,1.5031148195266724,0.0,0.0,1.0,0.0,1.0,2
