x,y,z,nx,ny,nz,curvature,density,label
55.5322265625,33.1605224609375,-2.819601058959961,-0.0,-0.0,-1.0,0.001906151274297082,1.0,0
55.24407958984375,33.24285125732422,-3.1713616847991943,-0.0,-0.0,-1.0,0.001906151274297082,1.0,0
55.2144775390625,33.149471282958984,-3.208956718444824,-0.0,-0.0,-1.0,0.001906151274297082,1.0,0
56.989646911621094,33.14653778076172,-3.413614273071289,-0.0,-0.0,-1.0,0.0019061512742970556,1.0,0
55.59719467163086,33.15733337402344,-2.922600746154785,-0.0,-0.0,-1.0,0.001906151274297082,1.0,0
55.308868408203125,33.224525451660156,-3.390810012817383,-0.0,-0.0,-1.0,0.001906151274297082,1.0,0
