x,y,z,nx,ny,nz,curvature,density,label
20.270021438598633,-41.88965606689453,2.3146328926086426,0.0,0.0,1.0,0.0,1.0,3
