x,y,z,nx,ny,nz,curvature,density,label
5.132339954376221,5.263663291931152,-0.030070900917053223,-0.0,-0.0,-1.0,0.0020102591567197244,1.0,0
5.149995803833008,5.45905876159668,0.8989782333374023,-0.0,-0.0,-1.0,0.0020102591567197252,1.0,1
5.209209442138672,5.026662349700928,1.0919785499572754,-0.0,-0.0,-1.0,0.0020102591567197244,1.0,2
5.12432861328125,5.608395576477051,0.1905372142791748,-0.0,-0.0,-1.0,0.0020102591567197252,1.0,1
5.157803058624268,5.591471195220947,0.0706644058227539,-0.0,-0.0,-1.0,0.0020102591567197244,1.0,1
5.19171142578125,5.629805088043213,0.577455997467041,-0.0,-0.0,-1.0,0.0020102591567197252,1.0,1
