x,y,z,nx,ny,nz,curvature,density,label
45.89031982421875,-24.42682456970215,1.1117172241210938,-0.0,-0.0,-1.0,0.09865184220090518,1.0,2
45.490013122558594,-24.492725372314453,0.29484987258911133,-0.0,-0.0,-1.0,0.09865184220090518,1.0,1
45.35569381713867,-24.891691207885742,0.23185324668884277,-0.0,-0.0,-1.0,0.09865184220090518,1.0,1
45.51495361328125,-24.687532424926758,0.21507024765014648,-0.0,-0.0,-1.0,0.09865184220090518,1.0,1
46.04650115966797,-24.384071350097656,0.14937520027160645,-0.0,-0.0,-1.0,0.09865184220090518,1.0,1
45.912227630615234,-24.479204177856445,0.1720890998840332,-0.0,-0.0,-1.0,0.09865184220090518,1.0,1
45.861690521240234,-24.594879150390625,0.17667770385742188,-0.0,-0.0,-1.0,0.09865184220090518,1.0,1
45.23572540283203,-24.399900436401367,0.2928614616394043,-0.0,-0.0,-1.0,0.09865184220090518,1.0,1
