x,y,z,nx,ny,nz,curvature,density,label
60.22114181518555,9.608541488647461,-2.4322056770324707,-0.0,-0.0,-1.0,0.00023679060495784168,1.0,0
60.308563232421875,10.38519287109375,-2.4448459148406982,-0.0,-0.0,-1.0,0.00023679060495784168,1.0,0
60.256629943847656,9.915782928466797,-2.4299402236938477,-0.0,-0.0,-1.0,0.00023679060495784168,1.0,0
60.43811798095703,10.270238876342773,-2.4655089378356934,-0.0,-0.0,-1.0,0.00023679060495784168,1.0,0
60.42245101928711,10.473976135253906,-2.4556875228881836,-0.0,-0.0,-1.0,0.00023679060495784168,1.0,0
60.24247741699219,10.428014755249023,-2.4320068359375,-0.0,-0.0,-1.0,0.00023679060495784168,2.0,0
60.22344207763672,10.517837524414062,-2.420154094696045,-0.0,-0.0,-1.0,0.00023679060495784168,1.0,0
60.25007629394531,10.390141487121582,-2.4406723976135254,-0.0,-0.0,-1.0,0.00023679060495784168,2.0,0
