x,y,z,nx,ny,nz,curvature,density
45.89031982421875,-24.42682456970215,1.1117172241210938,-0.0,-0.0,-1.0,0.0013038970577634566,1.0
46.04650115966797,-24.384071350097656,0.14937520027160645,-0.0,-0.0,-1.0,0.0013038970577634566,1.0
45.912227630615234,-24.479204177856445,0.1720890998840332,-0.0,-0.0,-1.0,0.0013038970577634566,1.0
45.861690521240234,-24.594879150390625,0.17667770385742188,-0.0,-0.0,-1.0,0.0013038970577634566,1.0
